Date,DJIA
12/31/1958,583.65
1/2/1959,587.59
1/5/1959,590.17
1/6/1959,591.37
1/7/1959,583.15
1/8/1959,588.14
1/9/1959,592.72
1/12/1959,592.64
1/13/1959,590.7
1/14/1959,591.64
1/15/1959,594.81
1/16/1959,595.75
1/19/1959,594.4
1/20/1959,595.69
1/21/1959,597.66
1/22/1959,595.69
1/23/1959,596.07
1/26/1959,592.37
1/27/1959,594.66
1/28/1959,588.53
1/29/1959,590.4
1/30/1959,593.96
2/2/1959,592.23
2/3/1959,592.34
2/4/1959,589.38
2/5/1959,586.12
2/6/1959,582.33
2/9/1959,574.46
2/10/1959,582.65
2/11/1959,584.03
2/12/1959,581.89
2/13/1959,587.97
2/16/1959,587.91
2/17/1959,586.71
2/18/1959,588.82
2/19/1959,595.04
2/20/1959,602.21
2/24/1959,602.91
2/25/1959,601.18
2/26/1959,602
2/27/1959,603.5
3/2/1959,605.03
3/3/1959,610.78
3/4/1959,611.84
3/5/1959,611.87
3/6/1959,609.52
3/9/1959,609.96
3/10/1959,611.14
3/11/1959,611.49
3/12/1959,613.75
3/13/1959,614.69
3/16/1959,607.88
3/17/1959,612.69
3/18/1959,610.87
3/19/1959,610.02
3/20/1959,610.37
3/23/1959,605.56
3/24/1959,606.73
3/25/1959,606.47
3/26/1959,606.58
3/30/1959,602.65
3/31/1959,601.71
4/1/1959,602.94
4/2/1959,607.52
4/3/1959,611.93
4/6/1959,611.16
4/7/1959,610.34
4/8/1959,606.44
4/9/1959,605.5
4/10/1959,605.97
4/13/1959,607.76
4/14/1959,609.53
4/15/1959,612.5
4/16/1959,617.58
4/17/1959,624.06
4/20/1959,627.08
4/21/1959,629.23
4/22/1959,625.15
4/23/1959,623.27
4/24/1959,627.39
4/27/1959,629.87
4/28/1959,628.87
4/29/1959,625.87
4/30/1959,623.75
5/1/1959,625.06
5/4/1959,625.06
5/5/1959,625.9
5/6/1959,624.39
5/7/1959,615.64
5/8/1959,621.36
5/11/1959,625.03
5/12/1959,627.66
5/13/1959,633.05
5/14/1959,637.04
5/15/1959,634.53
5/18/1959,633.53
5/19/1959,635.44
5/20/1959,631.87
5/21/1959,631.65
5/22/1959,634.74
5/25/1959,632.35
5/26/1959,632.38
5/27/1959,636.68
5/28/1959,639.58
5/29/1959,643.79
6/1/1959,643.51
6/2/1959,637.45
6/3/1959,637.39
6/4/1959,630.54
6/5/1959,629.98
6/8/1959,621.62
6/9/1959,617.62
6/10/1959,627.17
6/11/1959,627.49
6/12/1959,627.42
6/15/1959,624.59
6/16/1959,621.4
6/17/1959,628.05
6/18/1959,629.41
6/19/1959,629.76
6/22/1959,631.71
6/23/1959,630.73
6/24/1959,634.27
6/25/1959,637.23
6/26/1959,639.25
6/29/1959,643.06
6/30/1959,643.6
7/1/1959,650.88
7/2/1959,654.76
7/6/1959,660.09
7/7/1959,663.21
7/8/1959,663.81
7/9/1959,663.09
7/10/1959,663.56
7/13/1959,657.35
7/14/1959,657.7
7/15/1959,660.57
7/16/1959,658.29
7/17/1959,657.13
7/20/1959,654.54
7/21/1959,661.48
7/22/1959,664.38
7/23/1959,664.63
7/24/1959,663.72
7/27/1959,669.08
7/28/1959,672.04
7/29/1959,673.18
7/30/1959,673.37
7/31/1959,674.88
8/3/1959,678.1
8/4/1959,676.3
8/5/1959,672.33
8/6/1959,671.98
8/7/1959,668.57
8/10/1959,653.79
8/11/1959,658.07
8/12/1959,655.14
8/13/1959,655.43
8/14/1959,658.74
8/17/1959,658.42
8/18/1959,650.79
8/19/1959,646.53
8/20/1959,655.02
8/21/1959,655.39
8/24/1959,653.22
8/25/1959,655.96
8/26/1959,657.57
8/27/1959,663.34
8/28/1959,663.06
8/31/1959,664.41
9/1/1959,655.9
9/2/1959,655.8
9/3/1959,645.9
9/4/1959,652.18
9/8/1959,642.69
9/9/1959,637.67
9/10/1959,633.38
9/11/1959,637.36
9/14/1959,633.79
9/15/1959,630.8
9/16/1959,632.41
9/17/1959,629
9/18/1959,625.78
9/21/1959,618.15
9/22/1959,616.45
9/23/1959,624.02
9/24/1959,632.85
9/25/1959,632.59
9/28/1959,636.47
9/29/1959,640.1
9/30/1959,631.68
10/1/1959,633.6
10/2/1959,636.57
10/5/1959,637.01
10/6/1959,636.06
10/7/1959,635.37
10/8/1959,633.04
10/9/1959,636.98
10/12/1959,638.55
10/13/1959,637.83
10/14/1959,634.27
10/15/1959,637.48
10/16/1959,643.22
10/19/1959,639.66
10/20/1959,635.37
10/21/1959,632.69
10/22/1959,625.59
10/23/1959,633.07
10/26/1959,637.61
10/27/1959,642.18
10/28/1959,643.6
10/29/1959,645.11
10/30/1959,646.6
11/2/1959,645.46
11/4/1959,645.74
11/5/1959,647.57
11/6/1959,650.92
11/9/1959,650.92
11/10/1959,648.14
11/11/1959,647.32
11/12/1959,644.26
11/13/1959,641.71
11/16/1959,634.46
11/17/1959,635.62
11/18/1959,641.99
11/19/1959,643.32
11/20/1959,645.46
11/23/1959,646.75
11/24/1959,649.69
11/25/1959,651.1
11/27/1959,652.52
11/30/1959,659.18
12/1/1959,664.38
12/2/1959,661.29
12/3/1959,662.96
12/4/1959,664
12/7/1959,665.67
12/8/1959,675.39
12/9/1959,671.26
12/10/1959,672.74
12/11/1959,670.5
12/14/1959,675.07
12/15/1959,673.78
12/16/1959,675.2
12/17/1959,673.9
12/18/1959,676.65
12/21/1959,675.92
12/22/1959,671.82
12/23/1959,670.18
12/24/1959,670.69
12/28/1959,669.77
12/29/1959,672.23
12/30/1959,676.97
12/31/1959,679.36
1/4/1960,679.06
1/5/1960,685.47
1/6/1960,682.62
1/7/1960,677.66
1/8/1960,675.73
1/11/1960,667.16
1/12/1960,660.43
1/13/1960,656.44
1/14/1960,660.53
1/15/1960,659.68
1/18/1960,653.86
1/19/1960,645.07
1/20/1960,643.69
1/21/1960,645.43
1/22/1960,645.85
1/25/1960,639.07
1/26/1960,639.84
1/27/1960,637.67
1/28/1960,629.84
1/29/1960,622.62
2/1/1960,626.2
2/2/1960,636.92
2/3/1960,630.97
2/4/1960,631.14
2/5/1960,626.77
2/8/1960,619.43
2/9/1960,628.45
2/10/1960,623.36
2/11/1960,618.57
2/12/1960,622.23
2/15/1960,617.58
2/16/1960,611.33
2/17/1960,613.55
2/18/1960,622.19
2/19/1960,628.45
2/23/1960,626.19
2/24/1960,623.71
2/25/1960,628.51
2/26/1960,632
2/29/1960,630.12
3/1/1960,626.87
3/2/1960,621.37
3/3/1960,612.05
3/4/1960,609.79
3/7/1960,604.02
3/8/1960,599.1
3/9/1960,607.16
3/10/1960,602.31
3/11/1960,605.83
3/14/1960,606.79
3/15/1960,612.18
3/16/1960,616.73
3/17/1960,615.09
3/18/1960,616.42
3/21/1960,617
3/22/1960,618.09
3/23/1960,622.06
3/24/1960,624
3/25/1960,622.47
3/28/1960,621.78
3/29/1960,620.35
3/30/1960,619.94
3/31/1960,616.59
4/1/1960,615.98
4/4/1960,618.54
4/5/1960,622.19
4/6/1960,628.31
4/7/1960,629.03
4/8/1960,628.1
4/11/1960,624.89
4/12/1960,626.5
4/13/1960,626.5
4/14/1960,630.12
4/18/1960,630.77
4/19/1960,626.4
4/20/1960,618.71
4/21/1960,619.15
4/22/1960,616.32
4/25/1960,611.13
4/26/1960,610.92
4/27/1960,609.96
4/28/1960,604.33
4/29/1960,601.7
5/2/1960,599.61
5/3/1960,607.73
5/4/1960,610.99
5/5/1960,608.32
5/6/1960,607.62
5/9/1960,607.48
5/10/1960,604.82
5/11/1960,606.54
5/12/1960,607.87
5/13/1960,616.03
5/16/1960,617.39
5/17/1960,621.63
5/18/1960,623
5/19/1960,624.68
5/20/1960,625.24
5/23/1960,623.66
5/24/1960,621.39
5/25/1960,621.28
5/26/1960,622.79
5/27/1960,624.78
5/31/1960,625.5
6/1/1960,624.89
6/2/1960,627.87
6/3/1960,628.98
6/6/1960,636.92
6/7/1960,645.58
6/8/1960,650.35
6/9/1960,656.42
6/10/1960,654.88
6/13/1960,655.85
6/14/1960,654.88
6/15/1960,649.42
6/16/1960,648.27
6/17/1960,650.89
6/20/1960,647.52
6/21/1960,644.93
6/22/1960,645.36
6/23/1960,647.41
6/24/1960,647.01
6/27/1960,642.49
6/28/1960,637.46
6/29/1960,638.39
6/30/1960,640.62
7/1/1960,641.3
7/5/1960,640.91
7/6/1960,640.37
7/7/1960,644.89
7/8/1960,646.91
7/11/1960,640.44
7/12/1960,634.12
7/13/1960,632.11
7/14/1960,631.32
7/15/1960,630.24
7/18/1960,626
7/19/1960,624.78
7/20/1960,624.13
7/21/1960,616.63
7/22/1960,609.87
7/25/1960,601.68
7/26/1960,606.75
7/27/1960,601.76
7/28/1960,605.67
7/29/1960,616.73
8/1/1960,617.85
8/2/1960,613.68
8/3/1960,608.69
8/4/1960,609.23
8/5/1960,614.29
8/8/1960,614.79
8/9/1960,615.69
8/10/1960,617.52
8/11/1960,622.88
8/12/1960,626.18
8/15/1960,624.17
8/16/1960,625.43
8/17/1960,626.54
8/18/1960,625.82
8/19/1960,629.27
8/22/1960,630.71
8/23/1960,638.29
8/24/1960,641.56
8/25/1960,637.16
8/26/1960,636.13
8/29/1960,634.46
8/30/1960,626.4
8/31/1960,625.99
9/1/1960,626.1
9/2/1960,625.22
9/6/1960,620.85
9/7/1960,612.27
9/8/1960,611.42
9/9/1960,614.12
9/12/1960,609.35
9/13/1960,611.79
9/14/1960,605.69
9/15/1960,602.69
9/16/1960,602.18
9/19/1960,586.76
9/20/1960,588.2
9/21/1960,594.26
9/22/1960,592.15
9/23/1960,585.2
9/26/1960,577.14
9/27/1960,574.81
9/28/1960,569.08
9/29/1960,570.59
9/30/1960,580.14
10/3/1960,577.81
10/4/1960,573.15
10/5/1960,578.88
10/6/1960,583.69
10/7/1960,586.42
10/10/1960,587.31
10/11/1960,588.75
10/12/1960,585.83
10/13/1960,591.49
10/14/1960,596.48
10/17/1960,593.34
10/18/1960,588.75
10/19/1960,587.01
10/20/1960,582.69
10/21/1960,577.55
10/24/1960,571.93
10/25/1960,566.05
10/26/1960,575.18
10/27/1960,580.95
10/28/1960,577.92
10/31/1960,580.36
11/1/1960,585.24
11/2/1960,588.23
11/3/1960,590.82
11/4/1960,596.07
11/7/1960,597.63
11/9/1960,602.25
11/10/1960,612.01
11/11/1960,608.61
11/14/1960,604.8
11/15/1960,606.87
11/16/1960,604.77
11/17/1960,602.18
11/18/1960,603.62
11/21/1960,604.54
11/22/1960,601.1
11/23/1960,602.47
11/25/1960,606.47
11/28/1960,605.43
11/29/1960,602.4
11/30/1960,597.22
12/1/1960,594.56
12/2/1960,596
12/5/1960,593.49
12/6/1960,597.11
12/7/1960,604.62
12/8/1960,605.17
12/9/1960,610.9
12/12/1960,611.94
12/13/1960,611.72
12/14/1960,612.68
12/15/1960,610.76
12/16/1960,617.78
12/19/1960,615.56
12/20/1960,614.82
12/21/1960,615.42
12/22/1960,613.31
12/23/1960,613.23
12/27/1960,613.38
12/28/1960,615.75
12/29/1960,616.19
12/30/1960,615.89
1/3/1961,610.25
1/4/1961,621.49
1/5/1961,622.67
1/6/1961,621.64
1/9/1961,624.42
1/10/1961,625.72
1/11/1961,627.21
1/12/1961,628.5
1/13/1961,633.65
1/16/1961,633.19
1/17/1961,628.96
1/18/1961,634.1
1/19/1961,632.39
1/20/1961,634.37
1/23/1961,639.82
1/24/1961,638.79
1/25/1961,637.72
1/26/1961,638.87
1/27/1961,643.59
1/30/1961,650.64
1/31/1961,648.2
2/1/1961,649.39
2/2/1961,653.62
2/3/1961,652.97
2/6/1961,645.65
2/7/1961,643.94
2/8/1961,648.85
2/9/1961,645.12
2/10/1961,639.67
2/13/1961,637.04
2/14/1961,642.91
2/15/1961,648.89
2/16/1961,651.86
2/17/1961,651.67
2/20/1961,653.65
2/21/1961,652.4
2/23/1961,654.42
2/24/1961,655.6
2/27/1961,660.44
2/28/1961,662.08
3/1/1961,663.03
3/2/1961,669.39
3/3/1961,671.57
3/6/1961,674.46
3/7/1961,667.14
3/8/1961,666.15
3/9/1961,663.33
3/10/1961,663.56
3/13/1961,664.44
3/14/1961,661.08
3/15/1961,662.88
3/16/1961,670.38
3/17/1961,676.48
3/20/1961,678.84
3/21/1961,678.73
3/22/1961,679.38
3/23/1961,675.45
3/24/1961,672.48
3/27/1961,671.03
3/28/1961,669.58
3/29/1961,676.41
3/30/1961,676.63
4/3/1961,677.59
4/4/1961,678.73
4/5/1961,677.32
4/6/1961,679.34
4/7/1961,683.68
4/10/1961,692.06
4/11/1961,694.11
4/12/1961,690.16
4/13/1961,692.02
4/14/1961,693.72
4/17/1961,696.72
4/18/1961,690.6
4/19/1961,686.21
4/20/1961,684.24
4/21/1961,685.26
4/24/1961,672.66
4/25/1961,683.09
4/26/1961,682.18
4/27/1961,679.54
4/28/1961,678.71
5/1/1961,677.05
5/2/1961,682.34
5/3/1961,688.9
5/4/1961,692.25
5/5/1961,690.67
5/8/1961,689.06
5/9/1961,686.92
5/10/1961,686.61
5/11/1961,686.49
5/12/1961,687.91
5/15/1961,692.37
5/16/1961,697.74
5/17/1961,705.52
5/18/1961,701.14
5/19/1961,705.96
5/22/1961,702.44
5/23/1961,700.59
5/24/1961,696.52
5/25/1961,690.16
5/26/1961,696.28
5/31/1961,696.72
6/1/1961,695.37
6/2/1961,697.7
6/5/1961,703.41
6/6/1961,703.79
6/7/1961,700.86
6/8/1961,701.69
6/9/1961,700.9
6/12/1961,696.76
6/13/1961,694.15
6/14/1961,695.81
6/15/1961,691.27
6/16/1961,685.5
6/19/1961,680.68
6/20/1961,687.87
6/21/1961,686.09
6/22/1961,685.62
6/23/1961,688.66
6/26/1961,681.16
6/27/1961,683.88
6/28/1961,684.59
6/29/1961,681.95
6/30/1961,683.96
7/3/1961,689.81
7/5/1961,692.77
7/6/1961,694.27
7/7/1961,692.73
7/10/1961,693.16
7/11/1961,694.47
7/12/1961,690.79
7/13/1961,685.9
7/14/1961,690.95
7/17/1961,684.59
7/18/1961,679.3
7/19/1961,682.74
7/20/1961,682.97
7/21/1961,682.81
7/24/1961,682.14
7/25/1961,686.37
7/26/1961,694.19
7/27/1961,702.8
7/28/1961,705.13
7/31/1961,705.37
8/1/1961,713.94
8/2/1961,710.46
8/3/1961,715.71
8/4/1961,720.69
8/7/1961,719.58
8/8/1961,720.22
8/9/1961,717.57
8/10/1961,720.49
8/11/1961,722.61
8/14/1961,718.93
8/15/1961,716.18
8/16/1961,718.2
8/17/1961,721.84
8/18/1961,723.54
8/21/1961,724.75
8/22/1961,725.76
8/23/1961,720.46
8/24/1961,714.03
8/25/1961,716.7
8/28/1961,716.01
8/29/1961,714.15
8/30/1961,716.9
8/31/1961,719.94
9/1/1961,721.19
9/5/1961,718.72
9/6/1961,726.01
9/7/1961,726.53
9/8/1961,720.91
9/11/1961,714.36
9/12/1961,722.61
9/13/1961,722.2
9/14/1961,715
9/15/1961,716.3
9/18/1961,711.24
9/19/1961,702.54
9/20/1961,707.32
9/21/1961,706.31
9/22/1961,701.57
9/25/1961,691.86
9/26/1961,693.2
9/27/1961,701.13
9/28/1961,700.28
9/29/1961,701.21
10/2/1961,699.83
10/3/1961,698.66
10/4/1961,703.31
10/5/1961,708.49
10/6/1961,708.25
10/9/1961,705.42
10/10/1961,706.67
10/11/1961,705.62
10/12/1961,705.5
10/13/1961,703.31
10/16/1961,703.15
10/17/1961,701.98
10/18/1961,704.2
10/19/1961,704.85
10/20/1961,705.62
10/23/1961,698.98
10/24/1961,697.24
10/25/1961,700.72
10/26/1961,700.68
10/27/1961,698.74
10/30/1961,701.09
10/31/1961,703.92
11/1/1961,703.84
11/2/1961,706.83
11/3/1961,709.26
11/6/1961,714.6
11/8/1961,723.74
11/9/1961,722.28
11/10/1961,724.83
11/13/1961,728.43
11/14/1961,732.56
11/15/1961,734.34
11/16/1961,733.33
11/17/1961,729.53
11/20/1961,730.09
11/21/1961,729.32
11/22/1961,730.42
11/24/1961,732.6
11/27/1961,731.99
11/28/1961,728.07
11/29/1961,727.18
11/30/1961,721.6
12/1/1961,728.8
12/4/1961,731.22
12/5/1961,731.31
12/6/1961,730.09
12/7/1961,726.45
12/8/1961,728.23
12/11/1961,732.56
12/12/1961,734.02
12/13/1961,734.91
12/14/1961,730.94
12/15/1961,729.4
12/18/1961,727.71
12/19/1961,722.41
12/20/1961,722.57
12/21/1961,720.1
12/22/1961,720.87
12/26/1961,723.09
12/27/1961,731.43
12/28/1961,731.51
12/29/1961,731.14
1/2/1962,724.71
1/3/1962,726.01
1/4/1962,722.53
1/5/1962,714.84
1/8/1962,708.98
1/9/1962,707.64
1/10/1962,706.02
1/11/1962,710.67
1/12/1962,711.73
1/15/1962,709.5
1/16/1962,705.29
1/17/1962,697.41
1/18/1962,696.03
1/19/1962,700.72
1/22/1962,701.98
1/23/1962,698.54
1/24/1962,698.17
1/25/1962,696.52
1/26/1962,692.19
1/29/1962,689.92
1/30/1962,694.09
1/31/1962,700
2/1/1962,702.54
2/2/1962,706.55
2/5/1962,706.14
2/6/1962,710.39
2/7/1962,715.73
2/8/1962,716.82
2/9/1962,714.27
2/12/1962,714.92
2/13/1962,714.32
2/14/1962,713.67
2/15/1962,717.27
2/16/1962,716.46
2/19/1962,714.36
2/20/1962,717.55
2/21/1962,713.02
2/23/1962,709.54
2/26/1962,706.22
2/27/1962,709.22
2/28/1962,708.05
3/1/1962,711.81
3/2/1962,711
3/5/1962,709.99
3/6/1962,708.17
3/7/1962,706.63
3/8/1962,713.75
3/9/1962,714.44
3/12/1962,714.68
3/13/1962,716.58
3/14/1962,720.95
3/15/1962,723.54
3/16/1962,722.27
3/19/1962,720.38
3/20/1962,719.66
3/21/1962,716.62
3/22/1962,716.7
3/23/1962,716.46
3/26/1962,710.67
3/27/1962,707.28
3/28/1962,712.25
3/29/1962,711.28
3/30/1962,706.95
4/2/1962,705.42
4/3/1962,700.6
4/4/1962,696.88
4/5/1962,700.88
4/6/1962,699.63
4/9/1962,692.96
4/10/1962,695.46
4/11/1962,694.9
4/12/1962,685.67
4/13/1962,687.9
4/16/1962,684.06
4/17/1962,688.43
4/18/1962,691.01
4/19/1962,694.25
4/23/1962,694.61
4/24/1962,693
4/25/1962,683.69
4/26/1962,678.68
4/27/1962,672.2
4/30/1962,665.33
5/1/1962,671.24
5/2/1962,669.96
5/3/1962,675.49
5/4/1962,671.2
5/7/1962,670.99
5/8/1962,663.9
5/9/1962,654.7
5/10/1962,647.23
5/11/1962,640.63
5/14/1962,646.2
5/15/1962,655.36
5/16/1962,654.04
5/17/1962,649.79
5/18/1962,650.7
5/21/1962,648.59
5/22/1962,636.34
5/23/1962,626.52
5/24/1962,622.56
5/25/1962,611.88
5/28/1962,576.93
5/29/1962,603.96
5/31/1962,613.36
6/1/1962,611.05
6/4/1962,593.68
6/5/1962,594.96
6/6/1962,603.91
6/7/1962,602.2
6/8/1962,601.61
6/11/1962,595.17
6/12/1962,580.94
6/13/1962,574.04
6/14/1962,563
6/15/1962,578.18
6/18/1962,574.21
6/19/1962,571.61
6/20/1962,563.08
6/21/1962,550.49
6/22/1962,539.19
6/25/1962,536.77
6/26/1962,535.76
6/27/1962,536.98
6/28/1962,557.35
6/29/1962,561.28
7/2/1962,573.75
7/3/1962,579.48
7/5/1962,583.87
7/6/1962,576.17
7/9/1962,580.82
7/10/1962,586.01
7/11/1962,589.06
7/12/1962,590.27
7/13/1962,590.19
7/16/1962,588.1
7/17/1962,577.85
7/18/1962,571.24
7/19/1962,573.16
7/20/1962,577.18
7/23/1962,577.47
7/24/1962,574.12
7/25/1962,574.67
7/26/1962,579.61
7/27/1962,585
7/30/1962,591.44
7/31/1962,597.93
8/1/1962,591.36
8/2/1962,593.83
8/3/1962,596.38
8/6/1962,593.24
8/7/1962,588.35
8/8/1962,590.94
8/9/1962,591.19
8/10/1962,592.32
8/13/1962,595.29
8/14/1962,601.9
8/15/1962,606.76
8/16/1962,606.71
8/17/1962,610.02
8/20/1962,612.86
8/21/1962,608.64
8/22/1962,615.54
8/23/1962,616
8/24/1962,613.74
8/27/1962,612.57
8/28/1962,605.25
8/29/1962,603.24
8/30/1962,602.32
8/31/1962,609.18
9/4/1962,602.45
9/5/1962,599.14
9/6/1962,600.81
9/7/1962,600.86
9/10/1962,602.03
9/11/1962,603.99
9/12/1962,606.34
9/13/1962,603.99
9/14/1962,605.84
9/17/1962,607.63
9/18/1962,607.09
9/19/1962,607.09
9/20/1962,601.65
9/21/1962,591.78
9/24/1962,582.91
9/25/1962,588.22
9/26/1962,578.48
9/27/1962,574.12
9/28/1962,578.98
10/1/1962,571.95
10/2/1962,578.73
10/3/1962,578.52
10/4/1962,582.41
10/5/1962,586.59
10/8/1962,586.09
10/9/1962,587.18
10/10/1962,588.14
10/11/1962,586.47
10/12/1962,586.47
10/15/1962,589.69
10/16/1962,589.35
10/17/1962,587.68
10/18/1962,581.15
10/19/1962,573.29
10/22/1962,568.6
10/23/1962,558.06
10/24/1962,576.68
10/25/1962,570.86
10/26/1962,569.02
10/29/1962,579.35
10/30/1962,588.98
10/31/1962,589.77
11/1/1962,597.13
11/2/1962,604.58
11/5/1962,610.48
11/7/1962,615.75
11/8/1962,609.14
11/9/1962,616.13
11/12/1962,624.41
11/13/1962,623.11
11/14/1962,630.48
11/15/1962,629.14
11/16/1962,630.98
11/19/1962,626.21
11/20/1962,632.94
11/21/1962,637.25
11/23/1962,644.87
11/26/1962,642.06
11/27/1962,648.05
11/28/1962,651.85
11/29/1962,652.61
11/30/1962,649.3
12/3/1962,646.41
12/4/1962,651.48
12/5/1962,653.99
12/6/1962,651.73
12/7/1962,652.1
12/10/1962,645.08
12/11/1962,645.16
12/12/1962,647.33
12/13/1962,645.2
12/14/1962,648.09
12/17/1962,645.49
12/18/1962,640.14
12/19/1962,647
12/20/1962,648.55
12/21/1962,646.41
12/24/1962,647.71
12/26/1962,651.64
12/27/1962,650.56
12/28/1962,651.43
12/31/1962,652.1
1/2/1963,646.79
1/3/1963,657.42
1/4/1963,662.23
1/7/1963,662.14
1/8/1963,669.88
1/9/1963,668
1/10/1963,669.51
1/11/1963,671.6
1/14/1963,675.74
1/15/1963,675.36
1/16/1963,669
1/17/1963,672.98
1/18/1963,672.52
1/21/1963,675.24
1/22/1963,675.53
1/23/1963,677.58
1/24/1963,676.99
1/25/1963,679.71
1/28/1963,682.89
1/29/1963,683.73
1/30/1963,678.58
1/31/1963,682.85
2/1/1963,683.19
2/4/1963,682.01
2/5/1963,681.3
2/6/1963,682.52
2/7/1963,679.09
2/8/1963,679.92
2/11/1963,674.74
2/12/1963,676.62
2/13/1963,681.72
2/14/1963,684.86
2/15/1963,686.07
2/18/1963,688.96
2/19/1963,686.83
2/20/1963,682.06
2/21/1963,681.64
2/25/1963,674.61
2/26/1963,675.28
2/27/1963,670.8
2/28/1963,662.94
3/1/1963,659.72
3/4/1963,667.04
3/5/1963,667.16
3/6/1963,668.08
3/7/1963,671.43
3/8/1963,672.43
3/11/1963,674.02
3/12/1963,675.2
3/13/1963,677.66
3/14/1963,673.73
3/15/1963,676.33
3/18/1963,673.56
3/19/1963,672.06
3/20/1963,677.12
3/21/1963,675.57
3/22/1963,677.83
3/25/1963,678.17
3/26/1963,680.38
3/27/1963,684.73
3/28/1963,682.47
3/29/1963,682.52
4/1/1963,685.86
4/2/1963,684.27
4/3/1963,690.51
4/4/1963,697.12
4/5/1963,702.43
4/8/1963,706.03
4/9/1963,706.03
4/10/1963,704.35
4/11/1963,708.45
4/15/1963,711.38
4/16/1963,710.92
4/17/1963,710.25
4/18/1963,708.16
4/19/1963,711.68
4/22/1963,711.01
4/23/1963,714.98
4/24/1963,717.74
4/25/1963,718.33
4/26/1963,717.16
4/29/1963,715.11
4/30/1963,717.7
5/1/1963,719.67
5/2/1963,721.09
5/3/1963,718.08
5/6/1963,713.77
5/7/1963,712.55
5/8/1963,718.54
5/9/1963,721.97
5/10/1963,723.3
5/13/1963,723.01
5/14/1963,719.84
5/15/1963,724.34
5/16/1963,722.84
5/17/1963,724.81
5/20/1963,720.18
5/21/1963,724.04
5/22/1963,722.84
5/23/1963,721.38
5/24/1963,720.53
5/27/1963,718.25
5/28/1963,717.95
5/29/1963,722.5
5/31/1963,726.96
6/3/1963,726.27
6/4/1963,726.49
6/5/1963,725.93
6/6/1963,726.87
6/7/1963,722.41
6/10/1963,716.49
6/11/1963,718.38
6/12/1963,723.36
6/13/1963,721.43
6/14/1963,722.03
6/17/1963,718.21
6/18/1963,718.9
6/19/1963,719.84
6/20/1963,718.85
6/21/1963,720.78
6/24/1963,718.42
6/25/1963,716.32
6/26/1963,708.99
6/27/1963,706.03
6/28/1963,706.88
7/1/1963,701.35
7/2/1963,708.94
7/3/1963,713.36
7/5/1963,716.45
7/8/1963,710.66
7/9/1963,714.09
7/10/1963,712.12
7/11/1963,709.76
7/12/1963,707.7
7/15/1963,703.28
7/16/1963,702.12
7/17/1963,699.72
7/18/1963,695.9
7/19/1963,693.89
7/22/1963,688.74
7/23/1963,687.84
7/24/1963,690.88
7/25/1963,687.71
7/26/1963,689.38
7/29/1963,690.71
7/30/1963,696.42
7/31/1963,695.43
8/1/1963,694.87
8/2/1963,697.83
8/5/1963,702.55
8/6/1963,707.06
8/7/1963,703.92
8/8/1963,704.18
8/9/1963,708.39
8/12/1963,710.27
8/13/1963,711.13
8/14/1963,714.95
8/15/1963,718.55
8/16/1963,719.32
8/19/1963,718.81
8/20/1963,717.27
8/21/1963,715.72
8/22/1963,718.47
8/23/1963,723.14
8/26/1963,724.17
8/27/1963,719.88
8/28/1963,725.07
8/29/1963,726.4
8/30/1963,729.32
9/3/1963,732.02
9/4/1963,732.92
9/5/1963,737.98
9/6/1963,735.37
9/9/1963,732.92
9/10/1963,737.43
9/11/1963,740.34
9/12/1963,740.26
9/13/1963,740.13
9/16/1963,738.46
9/17/1963,740.13
9/18/1963,737.86
9/19/1963,743.22
9/20/1963,743.6
9/23/1963,740.43
9/24/1963,745.96
9/25/1963,743.69
9/26/1963,736.95
9/27/1963,737.98
9/30/1963,732.79
10/1/1963,738.33
10/2/1963,737.94
10/3/1963,744.25
10/4/1963,745.06
10/7/1963,743.86
10/8/1963,743.9
10/9/1963,739.83
10/10/1963,740.56
10/11/1963,741.76
10/14/1963,741.84
10/15/1963,742.19
10/16/1963,748.45
10/17/1963,750.77
10/18/1963,750.6
10/21/1963,752.31
10/22/1963,747.21
10/23/1963,746.48
10/24/1963,751.8
10/25/1963,755.61
10/28/1963,759.39
10/29/1963,760.5
10/30/1963,755.19
10/31/1963,755.23
11/1/1963,753.73
11/4/1963,749.22
11/6/1963,744.03
11/7/1963,745.66
11/8/1963,750.81
11/11/1963,753.77
11/12/1963,750.21
11/13/1963,751.11
11/14/1963,747.04
11/15/1963,740
11/18/1963,734.85
11/19/1963,736.65
11/20/1963,742.06
11/21/1963,732.65
11/22/1963,711.49
11/26/1963,743.52
11/27/1963,741
11/29/1963,750.52
12/2/1963,751.91
12/3/1963,751.82
12/4/1963,755.51
12/5/1963,763.86
12/6/1963,760.25
12/9/1963,759.08
12/10/1963,759.25
12/11/1963,757.21
12/12/1963,757.43
12/13/1963,760.17
12/16/1963,761.64
12/17/1963,766.38
12/18/1963,767.21
12/19/1963,763.86
12/20/1963,762.08
12/23/1963,758.3
12/24/1963,756.86
12/26/1963,760.21
12/27/1963,762.95
12/30/1963,759.9
12/31/1963,762.95
1/2/1964,766.08
1/3/1964,767.68
1/6/1964,769.51
1/7/1964,771.73
1/8/1964,774.46
1/9/1964,776.55
1/10/1964,774.33
1/13/1964,773.12
1/14/1964,774.49
1/15/1964,774.71
1/16/1964,776.13
1/17/1964,775.69
1/20/1964,773.03
1/21/1964,776.44
1/22/1964,781.31
1/23/1964,782.86
1/24/1964,783.04
1/27/1964,785.34
1/28/1964,787.78
1/29/1964,782.6
1/30/1964,783.44
1/31/1964,785.34
2/3/1964,784.72
2/4/1964,783.3
2/5/1964,783.04
2/6/1964,786.41
2/7/1964,791.59
2/10/1964,788.71
2/11/1964,792.16
2/12/1964,794.82
2/13/1964,794.42
2/14/1964,794.56
2/17/1964,796.19
2/18/1964,795.4
2/19/1964,794.91
2/20/1964,796.99
2/24/1964,797.12
2/25/1964,796.59
2/26/1964,799.38
2/27/1964,797.04
2/28/1964,800.14
3/2/1964,802.75
3/3/1964,805.72
3/4/1964,804.7
3/5/1964,803.77
3/6/1964,806.03
3/9/1964,807.18
3/10/1964,809.39
3/11/1964,813.87
3/12/1964,814.22
3/13/1964,816.22
3/16/1964,816.48
3/17/1964,818.16
3/18/1964,820.25
3/19/1964,819.36
3/20/1964,814.93
3/23/1964,813.6
3/24/1964,811.43
3/25/1964,813.16
3/26/1964,815.91
3/30/1964,815.29
3/31/1964,813.29
4/1/1964,816.08
4/2/1964,820.87
4/3/1964,822.99
4/6/1964,824.76
4/7/1964,822.77
4/8/1964,824.19
4/9/1964,821.35
4/10/1964,821.75
4/13/1964,821.31
4/14/1964,822.95
4/15/1964,825.43
4/16/1964,825.65
4/17/1964,827.33
4/20/1964,824.54
4/21/1964,826.45
4/22/1964,823.57
4/23/1964,821.66
4/24/1964,814.89
4/27/1964,811.87
4/28/1964,816.7
4/29/1964,812.81
4/30/1964,810.77
5/1/1964,817.1
5/4/1964,823.83
5/5/1964,826.63
5/6/1964,828.18
5/7/1964,830.17
5/8/1964,828.57
5/11/1964,827.07
5/12/1964,827.38
5/13/1964,825.78
5/14/1964,824.45
5/15/1964,826.23
5/18/1964,821.31
5/19/1964,817.28
5/20/1964,820.11
5/21/1964,819.8
5/22/1964,820.87
5/25/1964,820.25
5/26/1964,818.92
5/27/1964,817.94
5/28/1964,820.56
6/1/1964,818.56
6/2/1964,813.78
6/3/1964,811.79
6/4/1964,802.48
6/5/1964,806.03
6/8/1964,800.31
6/9/1964,805.54
6/10/1964,807.53
6/11/1964,811.25
6/12/1964,809.39
6/15/1964,813.56
6/16/1964,818.16
6/17/1964,823.35
6/18/1964,823.98
6/19/1964,825.25
6/22/1964,826.38
6/23/1964,822.7
6/24/1964,827.01
6/25/1964,827.48
6/26/1964,830.99
6/29/1964,830.94
6/30/1964,831.5
7/1/1964,838.06
7/2/1964,841.47
7/6/1964,844.24
7/7/1964,844.94
7/8/1964,845.45
7/9/1964,845.13
7/10/1964,847.51
7/13/1964,845.55
7/14/1964,843.63
7/15/1964,844.8
7/16/1964,847.47
7/17/1964,851.35
7/20/1964,849.39
7/21/1964,846.95
7/22/1964,847.65
7/23/1964,846.48
7/24/1964,845.64
7/27/1964,841.05
7/28/1964,837.35
7/29/1964,838.67
7/30/1964,839.37
7/31/1964,841.1
8/3/1964,840.35
8/4/1964,832.77
8/5/1964,833.05
8/6/1964,823.4
8/7/1964,829.16
8/10/1964,829.35
8/11/1964,828.08
8/12/1964,834.08
8/13/1964,838.52
8/14/1964,838.81
8/17/1964,840.21
8/18/1964,842.83
8/19/1964,841.76
8/20/1964,838.71
8/21/1964,838.62
8/24/1964,837.31
8/25/1964,832.2
8/26/1964,829.21
8/27/1964,835.25
8/28/1964,839.09
8/31/1964,838.48
9/1/1964,844
9/2/1964,845.08
9/3/1964,846.02
9/4/1964,848.31
9/8/1964,851.91
9/9/1964,855.57
9/10/1964,859.5
9/11/1964,867.13
9/14/1964,866.24
9/15/1964,862.54
9/16/1964,864.18
9/17/1964,868.67
9/18/1964,865.12
9/21/1964,871.58
9/22/1964,872.47
9/23/1964,871.95
9/24/1964,872.98
9/25/1964,874.71
9/28/1964,875.46
9/29/1964,875.74
9/30/1964,875.37
10/1/1964,872
10/2/1964,872.65
10/5/1964,877.15
10/6/1964,875.14
10/7/1964,873.78
10/8/1964,874.9
10/9/1964,878.08
10/12/1964,877.57
10/13/1964,876.21
10/14/1964,875.18
10/15/1964,868.44
10/16/1964,873.54
10/19/1964,876.21
10/20/1964,881.5
10/21/1964,879.72
10/22/1964,877.01
10/23/1964,877.62
10/26/1964,877.01
10/27/1964,875.98
10/28/1964,871.16
10/29/1964,871.86
10/30/1964,873.08
11/2/1964,875.51
11/4/1964,873.82
11/5/1964,873.54
11/6/1964,876.87
11/9/1964,874.57
11/10/1964,870.64
11/11/1964,873.59
11/12/1964,874.62
11/13/1964,874.11
11/16/1964,880.1
11/17/1964,885.39
11/18/1964,891.71
11/19/1964,888.71
11/20/1964,890.72
11/23/1964,889.29
11/24/1964,887.61
11/25/1964,882.4
11/27/1964,882.12
11/30/1964,875.43
12/1/1964,864.43
12/2/1964,867.16
12/3/1964,870.79
12/4/1964,870.93
12/7/1964,873.99
12/8/1964,870.69
12/9/1964,863.81
12/10/1964,863.14
12/11/1964,864.34
12/14/1964,860.65
12/15/1964,857.45
12/16/1964,860.08
12/17/1964,863.57
12/18/1964,868.73
12/21/1964,869.74
12/22/1964,870.36
12/23/1964,868.02
12/24/1964,868.16
12/28/1964,867.01
12/29/1964,862.18
12/30/1964,868.69
12/31/1964,874.13
1/4/1965,869.78
1/5/1965,875.86
1/6/1965,879.68
1/7/1965,884.36
1/8/1965,882.6
1/11/1965,883.22
1/12/1965,885.89
1/13/1965,886.85
1/14/1965,887.18
1/15/1965,891.15
1/18/1965,895.21
1/19/1965,896.27
1/20/1965,895.31
1/21/1965,893.26
1/22/1965,893.59
1/25/1965,896.46
1/26/1965,897.84
1/27/1965,899.52
1/28/1965,900.95
1/29/1965,902.86
2/1/1965,903.68
2/2/1965,903.77
2/3/1965,906.3
2/4/1965,904.06
2/5/1965,901.57
2/8/1965,897.89
2/9/1965,901.24
2/10/1965,892.92
2/11/1965,881.88
2/12/1965,888.47
2/15/1965,885.32
2/16/1965,881.35
2/17/1965,882.93
2/18/1965,883.69
2/19/1965,885.61
2/23/1965,891.96
2/24/1965,897.84
2/25/1965,899.9
2/26/1965,903.48
3/1/1965,899.76
3/2/1965,901.91
3/3/1965,900.76
3/4/1965,897.75
3/5/1965,895.98
3/8/1965,896.84
3/9/1965,894.07
3/10/1965,892.39
3/11/1965,896.51
3/12/1965,900.33
3/15/1965,899.85
3/16/1965,898.9
3/17/1965,899.37
3/18/1965,896.55
3/19/1965,895.79
3/22/1965,896.12
3/23/1965,898.69
3/24/1965,900.56
3/25/1965,898.34
3/26/1965,891.66
3/29/1965,887.82
3/30/1965,889.05
3/31/1965,889.05
4/1/1965,890.33
4/2/1965,893.38
4/5/1965,893.23
4/6/1965,891.9
4/7/1965,892.94
4/8/1965,897.9
4/9/1965,901.29
4/12/1965,906.36
4/13/1965,908.01
4/14/1965,912.86
4/15/1965,911.91
4/19/1965,912.76
4/20/1965,911.96
4/21/1965,910.71
4/22/1965,915.06
4/23/1965,916.41
4/26/1965,916.86
4/27/1965,918.16
4/28/1965,918.86
4/29/1965,918.71
4/30/1965,922.31
5/3/1965,922.11
5/4/1965,928.22
5/5/1965,932.22
5/6/1965,933.52
5/7/1965,932.52
5/10/1965,931.47
5/11/1965,930.92
5/12/1965,934.17
5/13/1965,938.87
5/14/1965,939.62
5/17/1965,930.67
5/18/1965,930.62
5/19/1965,932.12
5/20/1965,927.27
5/21/1965,922.01
5/24/1965,914.21
5/25/1965,921
5/26/1965,917.16
5/27/1965,913.22
5/28/1965,918.04
6/1/1965,908.53
6/2/1965,904.06
6/3/1965,899.22
6/4/1965,900.87
6/7/1965,902.15
6/8/1965,889.05
6/9/1965,879.84
6/10/1965,876.49
6/11/1965,881.7
6/14/1965,868.71
6/15/1965,874.57
6/16/1965,878.07
6/17/1965,883.06
6/18/1965,879.17
6/21/1965,874.12
6/22/1965,875.43
6/23/1965,870.22
6/24/1965,857.76
6/25/1965,854.36
6/28/1965,840.59
6/29/1965,851.4
6/30/1965,868.03
7/1/1965,871.59
7/2/1965,875.16
7/6/1965,873.18
7/7/1965,870.77
7/8/1965,877.85
7/9/1965,879.49
7/12/1965,877.96
7/13/1965,876.97
7/14/1965,883.23
7/15/1965,880.98
7/16/1965,880.43
7/19/1965,880.26
7/20/1965,868.79
7/21/1965,865.01
7/22/1965,861.77
7/23/1965,863.97
7/26/1965,867.26
7/27/1965,863.53
7/28/1965,867.92
7/29/1965,874.23
7/30/1965,881.74
8/2/1965,881.85
8/3/1965,881.2
8/4/1965,883.88
8/5/1965,881.63
8/6/1965,882.51
8/9/1965,879.77
8/10/1965,878.89
8/11/1965,881.47
8/12/1965,881.96
8/13/1965,888.82
8/16/1965,891.13
8/17/1965,894.26
8/18/1965,894.37
8/19/1965,891.79
8/20/1965,889.92
8/23/1965,887.07
8/24/1965,887.12
8/25/1965,890.85
8/26/1965,896.18
8/27/1965,895.96
8/30/1965,895.63
8/31/1965,893.1
9/1/1965,893.6
9/2/1965,900.4
9/3/1965,907.97
9/7/1965,910.11
9/8/1965,913.68
9/9/1965,917.47
9/10/1965,918.95
9/13/1965,920.92
9/14/1965,916.59
9/15/1965,922.95
9/16/1965,931.18
9/17/1965,928.99
9/20/1965,931.18
9/21/1965,926.52
9/22/1965,931.62
9/23/1965,927.45
9/24/1965,929.54
9/27/1965,937.88
9/28/1965,935.85
9/29/1965,932.39
9/30/1965,930.58
10/1/1965,929.65
10/4/1965,930.86
10/5/1965,938.7
10/6/1965,936.84
10/7/1965,934.42
10/8/1965,938.32
10/11/1965,942.65
10/12/1965,941.12
10/13/1965,941.01
10/14/1965,937.5
10/15/1965,940.68
10/18/1965,945.84
10/19/1965,947.76
10/20/1965,948.47
10/21/1965,950.28
10/22/1965,952.42
10/25/1965,948.14
10/26/1965,956.23
10/27/1965,959.5
10/28/1965,959.11
10/29/1965,960.82
11/1/1965,958.96
11/3/1965,961.13
11/4/1965,961.85
11/5/1965,959.46
11/8/1965,953.95
11/9/1965,951.72
11/10/1965,951.22
11/11/1965,953.28
11/12/1965,956.29
11/15/1965,955.9
11/16/1965,956.51
11/17/1965,956.57
11/18/1965,950.5
11/19/1965,952.72
11/22/1965,946.38
11/23/1965,948.94
11/24/1965,948.94
11/26/1965,948.16
11/29/1965,946.93
11/30/1965,946.71
12/1/1965,947.6
12/2/1965,944.59
12/3/1965,946.1
12/6/1965,939.53
12/7/1965,951.33
12/8/1965,946.6
12/9/1965,949.55
12/10/1965,952.72
12/13/1965,951.55
12/14/1965,954.06
12/15/1965,958.74
12/16/1965,959.13
12/17/1965,957.85
12/20/1965,952.22
12/21/1965,959.46
12/22/1965,965.86
12/23/1965,966.36
12/27/1965,959.79
12/28/1965,957.96
12/29/1965,960.3
12/30/1965,963.69
12/31/1965,969.26
1/3/1966,968.54
1/4/1966,969.26
1/5/1966,981.62
1/6/1966,985.46
1/7/1966,986.13
1/10/1966,985.41
1/11/1966,986.85
1/12/1966,983.96
1/13/1966,985.69
1/14/1966,987.3
1/17/1966,989.75
1/18/1966,994.2
1/19/1966,991.14
1/20/1966,987.8
1/21/1966,988.14
1/24/1966,991.42
1/25/1966,991.64
1/26/1966,990.92
1/27/1966,990.36
1/28/1966,985.35
1/31/1966,983.51
2/1/1966,975.89
2/2/1966,982.29
2/3/1966,981.23
2/4/1966,986.35
2/7/1966,989.69
2/8/1966,991.03
2/9/1966,995.15
2/10/1966,990.81
2/11/1966,989.03
2/14/1966,987.69
2/15/1966,981.57
2/16/1966,982.4
2/17/1966,975.27
2/18/1966,975.22
2/21/1966,966.48
2/23/1966,960.13
2/24/1966,950.66
2/25/1966,953
2/28/1966,951.89
3/1/1966,938.19
3/2/1966,932.01
3/3/1966,936.35
3/4/1966,932.34
3/7/1966,917.76
3/8/1966,919.98
3/9/1966,929.84
3/10/1966,929.23
3/11/1966,927.95
3/14/1966,917.09
3/15/1966,911.08
3/16/1966,916.03
3/17/1966,919.32
3/18/1966,922.88
3/21/1966,929.17
3/22/1966,934.52
3/23/1966,929
3/24/1966,928.61
3/25/1966,929.95
3/28/1966,932.62
3/29/1966,929.39
3/30/1966,919.76
3/31/1966,924.77
4/1/1966,931.29
4/4/1966,937.86
4/5/1966,944.71
4/6/1966,945.26
4/7/1966,945.76
4/11/1966,942.42
4/12/1966,937.24
4/13/1966,938.36
4/14/1966,945.48
4/15/1966,947.77
4/18/1966,941.98
4/19/1966,941.64
4/20/1966,951.28
4/21/1966,954.73
4/22/1966,949.83
4/25/1966,950.55
4/26/1966,947.21
4/27/1966,944.54
4/28/1966,937.41
4/29/1966,933.68
5/2/1966,931.95
5/3/1966,921.77
5/4/1966,914.86
5/5/1966,899.77
5/6/1966,902.83
5/9/1966,886.8
5/10/1966,895.48
5/11/1966,895.43
5/12/1966,885.57
5/13/1966,876.11
5/16/1966,867.53
5/17/1966,864.14
5/18/1966,878.5
5/19/1966,872.99
5/20/1966,876.89
5/23/1966,882.46
5/24/1966,888.41
5/25/1966,890.42
5/26/1966,891.75
5/27/1966,897.04
5/31/1966,884.07
6/1/1966,883.63
6/2/1966,882.73
6/3/1966,887.86
6/6/1966,881.68
6/7/1966,877.33
6/8/1966,879.34
6/9/1966,882.62
6/10/1966,891.75
6/13/1966,897.6
6/14/1966,903.17
6/15/1966,901.11
6/16/1966,897.16
6/17/1966,894.26
6/20/1966,892.76
6/21/1966,894.98
6/22/1966,901
6/23/1966,896.43
6/24/1966,897.16
6/27/1966,888.97
6/28/1966,880.9
6/29/1966,871.6
6/30/1966,870.1
7/1/1966,877.06
7/5/1966,875.27
7/6/1966,888.86
7/7/1966,891.64
7/8/1966,894.04
7/11/1966,893.09
7/12/1966,886.19
7/13/1966,881.4
7/14/1966,887.8
7/15/1966,889.36
7/18/1966,888.41
7/19/1966,884.07
7/20/1966,874.49
7/21/1966,873.99
7/22/1966,869.15
7/25/1966,852.83
7/26/1966,852.17
7/27/1966,856.23
7/28/1966,854.06
7/29/1966,847.38
8/1/1966,835.18
8/2/1966,832.57
8/3/1966,841.7
8/4/1966,851.5
8/5/1966,852.39
8/8/1966,849.05
8/9/1966,844.82
8/10/1966,838.53
8/11/1966,837.91
8/12/1966,840.53
8/15/1966,834.85
8/16/1966,823.83
8/17/1966,819.59
8/18/1966,810.74
8/19/1966,804.62
8/22/1966,792.03
8/23/1966,790.14
8/24/1966,799.55
8/25/1966,792.37
8/26/1966,780.56
8/29/1966,767.03
8/30/1966,775.72
8/31/1966,788.41
9/1/1966,792.09
9/2/1966,787.69
9/6/1966,782.34
9/7/1966,777.39
9/8/1966,774.88
9/9/1966,775.55
9/12/1966,790.59
9/13/1966,795.48
9/14/1966,806.23
9/15/1966,814.3
9/16/1966,814.3
9/19/1966,810.85
9/20/1966,806.01
9/21/1966,793.59
9/22/1966,797.77
9/23/1966,790.97
9/26/1966,792.7
9/27/1966,794.09
9/28/1966,780.95
9/29/1966,772.66
9/30/1966,774.22
10/3/1966,757.96
10/4/1966,763.19
10/5/1966,755.45
10/6/1966,749.61
10/7/1966,744.32
10/10/1966,754.51
10/11/1966,758.63
10/12/1966,778.17
10/13/1966,772.93
10/14/1966,771.71
10/17/1966,778.89
10/18/1966,791.87
10/19/1966,785.35
10/20/1966,783.68
10/21/1966,787.3
10/24/1966,787.75
10/25/1966,793.09
10/26/1966,801.11
10/27/1966,809.57
10/28/1966,807.96
10/31/1966,807.07
11/1/1966,809.63
11/2/1966,807.29
11/3/1966,804.34
11/4/1966,805.06
11/7/1966,802.22
11/9/1966,809.91
11/10/1966,816.87
11/11/1966,819.09
11/14/1966,813.75
11/15/1966,815.31
11/16/1966,820.87
11/17/1966,816.03
11/18/1966,809.4
11/21/1966,798.16
11/22/1966,794.98
11/23/1966,796.82
11/25/1966,803.34
11/28/1966,801.16
11/29/1966,795.26
11/30/1966,791.59
12/1/1966,789.75
12/2/1966,789.47
12/5/1966,791.59
12/6/1966,797.43
12/7/1966,808.01
12/8/1966,812.8
12/9/1966,813.02
12/12/1966,820.54
12/13/1966,816.7
12/14/1966,817.98
12/15/1966,809.18
12/16/1966,807.18
12/19/1966,798.99
12/20/1966,794.59
12/21/1966,797.43
12/22/1966,801.67
12/23/1966,799.1
12/27/1966,792.2
12/28/1966,788.58
12/29/1966,786.35
12/30/1966,785.69
1/3/1967,786.41
1/4/1967,791.14
1/5/1967,805.51
1/6/1967,808.74
1/9/1967,813.47
1/10/1967,814.14
1/11/1967,822.49
1/12/1967,829.95
1/13/1967,835.13
1/16/1967,833.24
1/17/1967,843.65
1/18/1967,847.49
1/19/1967,846.44
1/20/1967,847.16
1/23/1967,847.72
1/24/1967,847.72
1/25/1967,840.59
1/26/1967,838.7
1/27/1967,844.04
1/30/1967,848.11
1/31/1967,849.89
2/1/1967,848.39
2/2/1967,853.12
2/3/1967,857.46
2/6/1967,855.12
2/7/1967,852.51
2/8/1967,860.97
2/9/1967,857.52
2/10/1967,855.73
2/13/1967,853.34
2/14/1967,856.9
2/15/1967,855.79
2/16/1967,851.56
2/17/1967,850.84
2/20/1967,847.88
2/21/1967,844.1
2/23/1967,846.77
2/24/1967,847.33
2/27/1967,836.64
2/28/1967,839.37
3/1/1967,843.49
3/2/1967,846.71
3/3/1967,846.6
3/6/1967,842.2
3/7/1967,841.76
3/8/1967,843.32
3/9/1967,844.15
3/10/1967,848.5
3/13/1967,844.82
3/14/1967,844.27
3/15/1967,854.06
3/16/1967,868.49
3/17/1967,869.77
3/20/1967,870.43
3/21/1967,866.59
3/22/1967,870.55
3/23/1967,876.67
3/27/1967,873.72
3/28/1967,875.28
3/29/1967,871.1
3/30/1967,869.99
3/31/1967,865.98
4/3/1967,859.97
4/4/1967,859.19
4/5/1967,861.19
4/6/1967,861.25
4/7/1967,853.34
4/10/1967,842.43
4/11/1967,847.66
4/12/1967,844.65
4/13/1967,848.83
4/14/1967,859.74
4/17/1967,866.59
4/18/1967,873
4/19/1967,873.94
4/20/1967,878.62
4/21/1967,883.18
4/24/1967,887.53
4/25/1967,891.2
4/26/1967,889.03
4/27/1967,894.82
4/28/1967,897.05
5/1/1967,892.93
5/2/1967,891.65
5/3/1967,896.77
5/4/1967,901.95
5/5/1967,905.96
5/8/1967,909.63
5/9/1967,899.89
5/10/1967,894.1
5/11/1967,896.21
5/12/1967,890.03
5/15/1967,882.41
5/16/1967,885.8
5/17/1967,882.24
5/18/1967,877.34
5/19/1967,874.55
5/22/1967,871.05
5/23/1967,868.71
5/24/1967,862.42
5/25/1967,870.71
5/26/1967,870.32
5/29/1967,864.98
5/31/1967,852.56
6/1/1967,864.98
6/2/1967,863.31
6/5/1967,847.77
6/6/1967,862.71
6/7/1967,869.19
6/8/1967,873.2
6/9/1967,874.89
6/12/1967,878.93
6/13/1967,886.15
6/14/1967,880.61
6/15/1967,883.26
6/16/1967,885
6/19/1967,884.57
6/20/1967,880.61
6/21/1967,877.66
6/22/1967,875.69
6/23/1967,877.37
6/26/1967,872.11
6/27/1967,869.39
6/28/1967,868.87
6/29/1967,861.94
6/30/1967,860.26
7/3/1967,859.69
7/5/1967,864.94
7/6/1967,864.02
7/7/1967,869.05
7/10/1967,875.52
7/11/1967,879.45
7/12/1967,878.7
7/13/1967,878.53
7/14/1967,882.05
7/17/1967,882.74
7/18/1967,896.09
7/19/1967,903.32
7/20/1967,908.69
7/21/1967,909.56
7/24/1967,904.53
7/25/1967,901.29
7/26/1967,903.14
7/27/1967,903.14
7/28/1967,901.53
7/31/1967,904.24
8/1/1967,912.97
8/2/1967,922.27
8/3/1967,921.98
8/4/1967,923.77
8/7/1967,920.37
8/8/1967,922.45
8/9/1967,926.72
8/10/1967,925.22
8/11/1967,920.65
8/14/1967,916.32
8/15/1967,919.15
8/16/1967,915.68
8/17/1967,918.23
8/18/1967,919.04
8/21/1967,912.27
8/22/1967,907.48
8/23/1967,905.11
8/24/1967,898.46
8/25/1967,894.07
8/28/1967,894.71
8/29/1967,894.76
8/30/1967,893.72
8/31/1967,901.29
9/1/1967,901.18
9/5/1967,904.13
9/6/1967,906.96
9/7/1967,908.17
9/8/1967,907.54
9/11/1967,909.62
9/12/1967,911.75
9/13/1967,923.77
9/14/1967,929.44
9/15/1967,933.48
9/18/1967,938.74
9/19/1967,930.07
9/20/1967,929.79
9/21/1967,930.48
9/22/1967,934.35
9/25/1967,943.08
9/26/1967,937.18
9/27/1967,933.14
9/28/1967,929.38
9/29/1967,926.66
10/2/1967,921
10/3/1967,924.47
10/4/1967,921.29
10/5/1967,927.13
10/6/1967,928.74
10/9/1967,933.31
10/10/1967,926.61
10/11/1967,920.25
10/12/1967,913.2
10/13/1967,918.17
10/16/1967,908.52
10/17/1967,904.36
10/18/1967,903.49
10/19/1967,903.72
10/20/1967,896.73
10/23/1967,894.65
10/24/1967,888.18
10/25/1967,886.73
10/26/1967,890.89
10/27/1967,888.18
10/30/1967,886.62
10/31/1967,879.74
11/1/1967,867.08
11/2/1967,864.83
11/3/1967,856.62
11/6/1967,855.29
11/8/1967,849.57
11/9/1967,856.97
11/10/1967,862.81
11/13/1967,859.74
11/14/1967,852.4
11/15/1967,855.18
11/16/1967,859.74
11/17/1967,862.11
11/20/1967,857.78
11/21/1967,870.95
11/22/1967,874.02
11/24/1967,877.6
11/27/1967,882.11
11/28/1967,884.88
11/29/1967,883.15
11/30/1967,875.81
12/1/1967,879.16
12/4/1967,883.5
12/5/1967,888.12
12/6/1967,892.28
12/7/1967,892.22
12/8/1967,887.25
12/11/1967,882.05
12/12/1967,881.3
12/13/1967,882.34
12/14/1967,883.44
12/15/1967,880.61
12/18/1967,881.65
12/19/1967,881.36
12/20/1967,886.9
12/21/1967,888.35
12/22/1967,887.37
12/26/1967,888.12
12/27/1967,894.94
12/28/1967,897.83
12/29/1967,905.11
1/2/1968,906.84
1/3/1968,904.13
1/4/1968,899.39
1/5/1968,901.24
1/8/1968,908.92
1/9/1968,908.29
1/10/1968,903.95
1/11/1968,899.79
1/12/1968,898.98
1/15/1968,892.74
1/16/1968,887.14
1/17/1968,883.78
1/18/1968,882.8
1/19/1968,880.32
1/22/1968,871.71
1/23/1968,864.77
1/24/1968,862.23
1/25/1968,864.25
1/26/1968,865.06
1/29/1968,863.67
1/30/1968,859.57
1/31/1968,855.47
2/1/1968,861.36
2/2/1968,863.56
2/5/1968,861.13
2/6/1968,861.25
2/7/1968,859.92
2/8/1968,850.32
2/9/1968,840.04
2/13/1968,831.77
2/14/1968,837.38
2/15/1968,839.23
2/16/1968,836.34
2/19/1968,838.65
2/20/1968,843.1
2/21/1968,849.23
2/23/1968,849.8
2/26/1968,841.77
2/27/1968,846.68
2/28/1968,844.72
2/29/1968,840.5
3/1/1968,840.44
3/4/1968,830.56
3/5/1968,827.03
3/6/1968,837.21
3/7/1968,836.22
3/8/1968,835.24
3/11/1968,843.04
3/12/1968,843.22
3/13/1968,842.23
3/14/1968,830.91
3/15/1968,837.55
3/18/1968,840.09
3/19/1968,832.99
3/20/1968,830.85
3/21/1968,825.13
3/22/1968,826.05
3/25/1968,827.27
3/26/1968,831.54
3/27/1968,836.57
3/28/1968,835.12
3/29/1968,840.67
4/1/1968,861.25
4/2/1968,863.96
4/3/1968,869.11
4/4/1968,872.52
4/5/1968,865.81
4/8/1968,884.42
4/10/1968,892.63
4/11/1968,905.69
4/15/1968,910.19
4/16/1968,906.78
4/17/1968,908.17
4/18/1968,909.21
4/19/1968,897.65
4/22/1968,891.99
4/23/1968,897.48
4/24/1968,898.46
4/25/1968,905.57
4/26/1968,906.03
4/29/1968,908.34
4/30/1968,912.22
5/1/1968,913.2
5/2/1968,918.05
5/3/1968,919.21
5/6/1968,914.53
5/7/1968,919.9
5/8/1968,918.86
5/9/1968,911.35
5/10/1968,912.91
5/13/1968,909.96
5/14/1968,908.06
5/15/1968,907.82
5/16/1968,903.72
5/17/1968,898.98
5/20/1968,894.19
5/21/1968,896.32
5/22/1968,896.79
5/23/1968,893.15
5/24/1968,895.28
5/27/1968,891.6
5/28/1968,896.78
5/29/1968,895.21
5/31/1968,899
6/3/1968,905.38
6/4/1968,916.63
6/5/1968,907.42
6/6/1968,910.13
6/7/1968,914.88
6/10/1968,913.38
6/11/1968,917.95
6/13/1968,913.86
6/14/1968,913.62
6/17/1968,903.45
6/18/1968,900.2
6/20/1968,898.28
6/21/1968,900.93
6/24/1968,901.83
6/25/1968,901.41
6/27/1968,898.76
6/28/1968,897.8
7/1/1968,896.35
7/2/1968,896.84
7/3/1968,903.51
7/8/1968,912.6
7/9/1968,920.42
7/11/1968,922.82
7/12/1968,922.46
7/15/1968,923.72
7/16/1968,921.2
7/18/1968,917.95
7/19/1968,913.92
7/22/1968,900.32
7/23/1968,898.1
7/25/1968,885.47
7/26/1968,888.47
7/29/1968,883.36
7/30/1968,883
8/1/1968,878.07
8/2/1968,871.27
8/5/1968,872.53
8/6/1968,876.92
8/8/1968,870.37
8/9/1968,869.65
8/12/1968,881.02
8/13/1968,884.68
8/15/1968,879.51
8/16/1968,885.89
8/19/1968,887.68
8/20/1968,888.67
8/22/1968,888.3
8/23/1968,892.34
8/26/1968,896.13
8/27/1968,893.65
8/29/1968,894.33
8/30/1968,896.01
9/3/1968,900.36
9/4/1968,906.95
9/5/1968,917.52
9/6/1968,921.25
9/9/1968,924.98
9/10/1968,919.38
9/12/1968,915.65
9/13/1968,917.21
9/16/1968,921.37
9/17/1968,923.05
9/19/1968,923.98
9/20/1968,924.42
9/23/1968,930.45
9/24/1968,938.28
9/26/1968,933.24
9/27/1968,933.8
9/30/1968,935.79
10/1/1968,942.32
10/3/1968,949.47
10/4/1968,952.95
10/7/1968,956.68
10/8/1968,956.24
10/10/1968,949.78
10/11/1968,949.59
10/14/1968,949.96
10/15/1968,955.31
10/17/1968,958.91
10/18/1968,967.49
10/21/1968,967.49
10/22/1968,963.14
10/24/1968,956.68
10/25/1968,961.28
10/28/1968,957.73
10/29/1968,951.08
10/31/1968,952.39
11/1/1968,948.41
11/4/1968,946.23
11/6/1968,949.47
11/7/1968,950.65
11/8/1968,958.98
11/12/1968,964.2
11/13/1968,967.43
11/14/1968,963.89
11/15/1968,965.88
11/18/1968,963.7
11/19/1968,966.75
11/21/1968,965.13
11/22/1968,967.06
11/25/1968,971.35
11/26/1968,979.49
11/27/1968,976.32
11/29/1968,985.08
12/2/1968,983.34
12/3/1968,985.21
12/5/1968,977.69
12/6/1968,978.24
12/9/1968,979.36
12/10/1968,977.69
12/12/1968,977.13
12/13/1968,981.29
12/16/1968,976.32
12/17/1968,970.91
12/19/1968,975.14
12/20/1968,966.99
12/23/1968,953.75
12/24/1968,952.32
12/26/1968,954.25
12/27/1968,952.51
12/30/1968,945.11
12/31/1968,943.75
1/2/1969,947.73
1/3/1969,951.89
1/6/1969,936.66
1/7/1969,925.72
1/8/1969,921.25
1/9/1969,927.46
1/10/1969,925.53
1/13/1969,923.11
1/14/1969,928.33
1/15/1969,931.75
1/16/1969,938.59
1/17/1969,935.54
1/20/1969,931.25
1/21/1969,929.82
1/22/1969,934.17
1/23/1969,940.2
1/24/1969,938.59
1/27/1969,937.47
1/28/1969,938.4
1/29/1969,938.09
1/30/1969,942.13
1/31/1969,946.05
2/3/1969,946.85
2/4/1969,945.11
2/5/1969,945.98
2/6/1969,946.67
2/7/1969,947.85
2/11/1969,948.97
2/12/1969,949.09
2/13/1969,952.7
2/14/1969,951.95
2/17/1969,937.72
2/18/1969,930.82
2/19/1969,925.1
2/20/1969,916.65
2/24/1969,903.97
2/25/1969,899.8
2/26/1969,905.77
2/27/1969,903.03
2/28/1969,905.21
3/3/1969,908.63
3/4/1969,919.51
3/5/1969,923.11
3/6/1969,913.54
3/7/1969,911.18
3/10/1969,917.14
3/11/1969,920.93
3/12/1969,917.52
3/13/1969,907.14
3/14/1969,904.28
3/17/1969,904.03
3/18/1969,907.38
3/19/1969,912.11
3/20/1969,920.13
3/21/1969,920
3/24/1969,917.08
3/25/1969,917.08
3/26/1969,923.3
3/27/1969,930.88
3/28/1969,935.48
4/1/1969,933.08
4/2/1969,930.92
4/3/1969,927.3
4/7/1969,918.78
4/8/1969,923.17
4/9/1969,929.97
4/10/1969,932.89
4/11/1969,933.46
4/14/1969,932.64
4/15/1969,931.94
4/16/1969,923.49
4/17/1969,924.12
4/18/1969,924.82
4/21/1969,917.51
4/22/1969,918.59
4/23/1969,917.64
4/24/1969,921.2
4/25/1969,924
4/28/1969,925.08
4/29/1969,934.1
4/30/1969,950.18
5/1/1969,949.22
5/2/1969,957.17
5/5/1969,958.95
5/6/1969,962.06
5/7/1969,959.6
5/8/1969,963.68
5/9/1969,961.61
5/12/1969,957.86
5/13/1969,962.97
5/14/1969,968.85
5/15/1969,965.16
5/16/1969,967.3
5/19/1969,959.02
5/20/1969,949.26
5/21/1969,951.78
5/22/1969,950.04
5/23/1969,947.45
5/26/1969,946.94
5/27/1969,938.66
5/28/1969,936.92
5/29/1969,937.56
6/2/1969,933.17
6/3/1969,930.78
6/4/1969,928.84
6/5/1969,930.71
6/6/1969,924.77
6/9/1969,918.05
6/10/1969,912.49
6/11/1969,904.6
6/12/1969,892.58
6/13/1969,894.84
6/16/1969,891.16
6/17/1969,885.73
6/18/1969,887.09
6/19/1969,882.37
6/20/1969,876.16
6/23/1969,870.86
6/24/1969,877.2
6/25/1969,874.1
6/26/1969,870.28
6/27/1969,869.76
6/30/1969,873.19
7/1/1969,875.9
7/2/1969,880.69
7/3/1969,886.12
7/7/1969,883.21
7/8/1969,870.35
7/9/1969,861.62
7/10/1969,847.79
7/11/1969,852.25
7/14/1969,843.14
7/15/1969,841.13
7/16/1969,849.34
7/17/1969,853.09
7/18/1969,845.92
7/22/1969,834.02
7/23/1969,827.95
7/24/1969,826.53
7/25/1969,818.06
7/28/1969,806.23
7/29/1969,801.96
7/30/1969,803.58
7/31/1969,815.47
8/1/1969,826.59
8/4/1969,822.58
8/5/1969,821.23
8/6/1969,825.88
8/7/1969,826.27
8/8/1969,824.46
8/11/1969,819.83
8/12/1969,812.96
8/13/1969,809.13
8/14/1969,813.23
8/15/1969,820.88
8/18/1969,827.68
8/19/1969,833.69
8/20/1969,833.22
8/21/1969,834.87
8/22/1969,837.25
8/25/1969,831.44
8/26/1969,823.52
8/27/1969,824.78
8/28/1969,828.41
8/29/1969,836.72
9/2/1969,837.78
9/3/1969,835.67
9/4/1969,825.3
9/5/1969,819.5
9/8/1969,811.84
9/9/1969,815.67
9/10/1969,828.01
9/11/1969,825.77
9/12/1969,824.25
9/15/1969,830.45
9/16/1969,831.64
9/17/1969,826.56
9/18/1969,831.57
9/19/1969,830.39
9/22/1969,831.77
9/23/1969,834.81
9/24/1969,834.68
9/25/1969,829.92
9/26/1969,824.18
9/29/1969,818.04
9/30/1969,813.09
10/1/1969,806.89
10/2/1969,811.84
10/3/1969,808.41
10/6/1969,809.4
10/7/1969,806.23
10/8/1969,802.2
10/9/1969,803.79
10/10/1969,806.96
10/13/1969,819.3
10/14/1969,832.43
10/15/1969,830.06
10/16/1969,838.77
10/17/1969,836.06
10/20/1969,839.23
10/21/1969,846.88
10/22/1969,860.35
10/23/1969,855.73
10/24/1969,862.26
10/27/1969,860.28
10/28/1969,855.86
10/29/1969,848.34
10/30/1969,850.51
10/31/1969,855.99
11/3/1969,854.54
11/4/1969,853.48
11/5/1969,854.08
11/6/1969,855.2
11/7/1969,860.48
11/10/1969,863.05
11/11/1969,859.75
11/12/1969,855.99
11/13/1969,849.85
11/14/1969,849.26
11/17/1969,842.53
11/18/1969,845.17
11/19/1969,839.96
11/20/1969,831.18
11/21/1969,823.13
11/24/1969,812.9
11/25/1969,807.29
11/26/1969,810.52
11/28/1969,812.3
12/1/1969,805.04
12/2/1969,801.35
12/3/1969,793.36
12/4/1969,796.53
12/5/1969,793.03
12/8/1969,785.04
12/9/1969,783.79
12/10/1969,783.99
12/11/1969,783.53
12/12/1969,786.69
12/15/1969,784.05
12/16/1969,773.83
12/17/1969,769.93
12/18/1969,783.79
12/19/1969,789.86
12/22/1969,785.97
12/23/1969,783.79
12/24/1969,794.15
12/26/1969,797.65
12/29/1969,792.37
12/30/1969,794.68
12/31/1969,800.36
1/2/1970,809.2
